{
    "loss": [
        922975.0625,
        584747.25,
        269186.09375,
        96269.1328125,
        89782.96875,
        116507.15625,
        67104.2734375,
        101802.6640625,
        63686.83203125,
        62278.90234375
    ],
    "mean_squared_error": [
        0.028717264533042908,
        0.02213210053741932,
        0.019795885309576988,
        0.01920132152736187,
        0.019318370148539543,
        0.019373659044504166,
        0.01924659125506878,
        0.01938241720199585,
        0.01922052726149559,
        0.019301390275359154
    ],
    "val_loss": [
        1029082.9375,
        241085.390625,
        161060.953125,
        145300.65625,
        79764.6171875,
        116898.6953125,
        107746.703125,
        20185.337890625,
        100650.578125,
        74142.96875
    ],
    "val_mean_squared_error": [
        0.021529296413064003,
        0.014796078205108643,
        0.014481846243143082,
        0.01444386038929224,
        0.014397176913917065,
        0.014451570808887482,
        0.014352643862366676,
        0.014385880902409554,
        0.014527136459946632,
        0.014483969658613205
    ]
}