{
    "loss": [
        0.6383323669433594,
        0.6023972630500793,
        0.6019089818000793,
        0.5975472331047058
    ],
    "mean_absolute_error": [
        0.11718223243951797,
        0.0958436131477356,
        0.09860548377037048,
        0.09454074501991272
    ],
    "val_loss": [
        0.5727041959762573,
        0.5843112468719482,
        0.5654163956642151,
        0.5598207116127014
    ],
    "val_mean_absolute_error": [
        0.07909423857927322,
        0.07937012612819672,
        0.076558917760849,
        0.06995633244514465
    ]
}