{
    "loss": [
        1009126.9375,
        414635.03125
    ],
    "mean_squared_error": [
        0.03951488062739372,
        0.02218203991651535
    ],
    "val_loss": [
        14183.9345703125,
        552886.1875
    ],
    "val_mean_squared_error": [
        0.015212548896670341,
        0.015213483944535255
    ]
}