{
    "loss": [
        0.23082606494426727,
        0.028272436931729317
    ],
    "mean_squared_error": [
        0.23082606494426727,
        0.028272436931729317
    ],
    "val_loss": [
        0.015559867955744267,
        0.014726595021784306
    ],
    "val_mean_squared_error": [
        0.015623440966010094,
        0.01467516366392374
    ]
}