{
    "loss": [
        0.829031765460968,
        0.6825581789016724
    ],
    "mean_absolute_error": [
        0.19356611371040344,
        0.12435176968574524
    ],
    "val_loss": [
        0.600403368473053,
        0.6335983276367188
    ],
    "val_mean_absolute_error": [
        0.10540129244327545,
        0.10206355154514313
    ]
}