{
    "loss": [
        0.03962118551135063,
        0.021457944065332413
    ],
    "mean_squared_error": [
        0.03962118551135063,
        0.021457944065332413
    ],
    "val_loss": [
        0.01568455435335636,
        0.015257191844284534
    ],
    "val_mean_squared_error": [
        0.01568455435335636,
        0.015257191844284534
    ]
}