{
    "loss": [
        0.02149796672165394,
        0.02101064659655094,
        0.020803580060601234,
        0.020959991961717606,
        0.020989196375012398,
        0.02067425474524498,
        0.020739974454045296,
        0.020963184535503387,
        0.020870937034487724,
        0.02137613110244274,
        0.021182943135499954,
        0.021286237984895706,
        0.021092934533953667,
        0.021076524630188942,
        0.021208055317401886,
        0.02068624645471573,
        0.021219762042164803,
        0.020617157220840454,
        0.021242540329694748,
        0.021182499825954437
    ],
    "mean_squared_error": [
        0.02149796672165394,
        0.02101064659655094,
        0.020803580060601234,
        0.020959991961717606,
        0.020989196375012398,
        0.02067425474524498,
        0.020739974454045296,
        0.020963184535503387,
        0.020870937034487724,
        0.02137613110244274,
        0.021182943135499954,
        0.021286237984895706,
        0.021092934533953667,
        0.021076524630188942,
        0.021208055317401886,
        0.02068624645471573,
        0.021219762042164803,
        0.020617157220840454,
        0.021242540329694748,
        0.021182499825954437
    ],
    "val_loss": [
        0.014287390746176243,
        0.014863771386444569,
        0.014385444112122059,
        0.01469392143189907,
        0.01462596282362938,
        0.01434810645878315,
        0.015000366605818272,
        0.01504574902355671,
        0.014338811859488487,
        0.015358327887952328,
        0.015182390809059143,
        0.015005512163043022,
        0.014755558222532272,
        0.014334923587739468,
        0.015044644474983215,
        0.014985953457653522,
        0.014794268645346165,
        0.0148061104118824,
        0.015444951131939888,
        0.014565860852599144
    ],
    "val_mean_squared_error": [
        0.014006799086928368,
        0.015009092167019844,
        0.014181376434862614,
        0.014535509981215,
        0.014483338221907616,
        0.014330785721540451,
        0.014939765445888042,
        0.014879876747727394,
        0.01449912041425705,
        0.015743575990200043,
        0.01525573804974556,
        0.015150748193264008,
        0.014601944014430046,
        0.014374523423612118,
        0.015009822323918343,
        0.014613443985581398,
        0.01465784851461649,
        0.01478663831949234,
        0.015092561021447182,
        0.014609201811254025
    ]
}