{
    "loss": [
        3238831.25,
        1993993.25
    ],
    "mean_squared_error": [
        0.17844577133655548,
        0.05361272394657135
    ],
    "val_loss": [
        2262444.25,
        1422482.375
    ],
    "val_mean_squared_error": [
        0.05272403359413147,
        0.0317382887005806
    ]
}