{
    "loss": [
        0.18715578317642212,
        0.021064944565296173,
        0.02132515422999859,
        0.021073857322335243
    ],
    "mean_squared_error": [
        0.18715578317642212,
        0.021064944565296173,
        0.02132515422999859,
        0.021073857322335243
    ],
    "val_loss": [
        0.015358914621174335,
        0.014434969052672386,
        0.014914518222212791,
        0.014848747290670872
    ],
    "val_mean_squared_error": [
        0.015479844994843006,
        0.014097846113145351,
        0.014980588108301163,
        0.01521281711757183
    ]
}