{
    "loss": [
        2075769.375,
        1479772.125,
        586458.3125,
        1119860.625,
        538236.125,
        969581.875,
        1068629.75,
        797225.5,
        899382.25,
        1790811.0
    ],
    "mean_squared_error": [
        0.06946016103029251,
        0.05133751779794693,
        0.025307387113571167,
        0.03392498567700386,
        0.03203117102384567,
        0.03317440673708916,
        0.038567353039979935,
        0.032263051718473434,
        0.056447409093379974,
        0.06472969800233841
    ],
    "val_loss": [
        4667504.5,
        193874.28125,
        2080886.375,
        978116.0,
        2241807.0,
        162685.96875,
        1471148.375,
        1435257.25,
        4082173.0,
        2856631.5
    ],
    "val_mean_squared_error": [
        0.14751370251178741,
        0.014868900179862976,
        0.04106542468070984,
        0.02136486954987049,
        0.04512178525328636,
        0.014938553795218468,
        0.029151760041713715,
        0.02819228358566761,
        0.11667607724666595,
        0.0645381510257721
    ]
}