{
    "loss": [
        1.647261381149292,
        1.3691229820251465
    ],
    "mean_squared_error": [
        0.020180663093924522,
        0.020937034860253334
    ],
    "val_loss": [
        1.3809077739715576,
        1.2002955675125122
    ],
    "val_mean_squared_error": [
        0.01549379900097847,
        0.01674777828156948
    ]
}